{"rmse": 84.7327293092299, "mae": 48.02647215097289, "r2": 0.7606042240422396}