{
    "optimal_k": 8,
    "inertia": 15949.574196878046,
    "silhouette_score": 0.8261064666974802
}