{
    "best_params": {
        "max_depth": null,
        "max_features": "sqrt",
        "min_samples_leaf": 1,
        "n_estimators": 200
    },
    "cv_rmse": 0.35457311135791236,
    "test_rmse": 0.34691484597985645,
    "test_r2": 0.7810381699541906
}